{
  "version": "0.5",
  "windows": [
    {
      "id": "SETUP.MULLIGAN",
      "phase": "SETUP",
      "mat_lock": "CHARGE",
      "notes": "Initial hand validation and mulligan resolution."
    },
    {
      "id": "SETUP.SELECT_ACTIVE",
      "phase": "SETUP",
      "mat_lock": "CHARGE",
      "notes": "Place/select Active and Bench."
    },
    {
      "id": "TURN.START",
      "phase": "TURN_START",
      "mat_lock": "AFTERGLOW",
      "notes": "Server advances turn, resets per-turn trackers."
    },
    {
      "id": "TURN.DRAW",
      "phase": "DRAW",
      "mat_lock": "CHARGE",
      "notes": "Draw step (server emits draw event; client may ack)."
    },
    {
      "id": "TURN.ENERGY",
      "phase": "ENERGY",
      "mat_lock": "CHARGE",
      "notes": "Energy attachment step (if enabled by mode)."
    },
    {
      "id": "TURN.MAIN",
      "phase": "MAIN",
      "mat_lock": "CHARGE",
      "notes": "Play cards, activate abilities/effects."
    },
    {
      "id": "TURN.COMBAT.DECLARE",
      "phase": "COMBAT",
      "mat_lock": "CHARGE",
      "notes": "Declare attacks/targets."
    },
    {
      "id": "TURN.COMBAT.RESOLVE",
      "phase": "COMBAT",
      "mat_lock": "CLASH",
      "notes": "Resolve damage/effects. Zone changes illegal unless effect-granted."
    },
    {
      "id": "TURN.END",
      "phase": "END",
      "mat_lock": "AFTERGLOW",
      "notes": "Cleanup. Expire statuses. Advance to next turn."
    }
  ]
}