{
  "version": "0.5",
  "generated_at": "2026-01-02T10:36:40.925779Z",
  "sets": [
    {
      "set_id": "SET-001",
      "cards_sha256": "c0a917f1c71160e1a9b6181fc7355004a96d1efa0bbff9eedd757224cbf3f144",
      "cards_count": 22,
      "reveal_level": "S0",
      "notes": ""
    },
    {
      "set_id": "SET-002",
      "cards_sha256": "468f1ec9103a7e5a92793c52369a799e1a6e3da78fd47a8945a07493062b3ca7",
      "cards_count": 0,
      "reveal_level": "S1",
      "notes": ""
    },
    {
      "set_id": "SET-003",
      "cards_sha256": "3cd5c464733ae4aabc8b9b5baa76c816799ead00654910cda02ac0a27f35c610",
      "cards_count": 0,
      "reveal_level": "S1",
      "notes": ""
    },
    {
      "set_id": "SET-004",
      "cards_sha256": "32d2038750e6fde3c277de31f76d8293307ad1bfb93014522a7877f13ab82ce0",
      "cards_count": 0,
      "reveal_level": "S2",
      "notes": ""
    },
    {
      "set_id": "SET-005",
      "cards_sha256": "b98021f569fedecc5d21748131b5e98a6ad19fdf7836ab716866efccb8075dc3",
      "cards_count": 0,
      "reveal_level": "S2",
      "notes": ""
    },
    {
      "set_id": "SET-006",
      "cards_sha256": "48ad99b3c19928287b7785630e82309c724a389cafb7e9935ea62c5007dd448d",
      "cards_count": 0,
      "reveal_level": "S2",
      "notes": ""
    },
    {
      "set_id": "SET-007",
      "cards_sha256": "7f87f9e2d2e0ac8859adc82d8e59c5bf4d44a065de06d34fd6add7bde0382ee7",
      "cards_count": 0,
      "reveal_level": "S3",
      "notes": ""
    }
  ]
}