{
  "$schema": "https://json-schema.org/draft/2020-12/schema",
  "title": "MystiMons Content Manifest",
  "type": "object",
  "required": [
    "version",
    "sets"
  ],
  "properties": {
    "version": {
      "type": "string"
    },
    "generated_at": {
      "type": "string"
    },
    "sets": {
      "type": "array",
      "items": {
        "type": "object",
        "required": [
          "set_id",
          "cards_sha256",
          "cards_count",
          "reveal_level"
        ],
        "properties": {
          "set_id": {
            "type": "string"
          },
          "cards_sha256": {
            "type": "string"
          },
          "cards_count": {
            "type": "integer",
            "minimum": 0
          },
          "reveal_level": {
            "type": "string",
            "enum": [
              "S0",
              "S1",
              "S2",
              "S3"
            ]
          },
          "notes": {
            "type": "string"
          }
        },
        "additionalProperties": false
      }
    }
  },
  "additionalProperties": false
}