{
  "$schema": "https://json-schema.org/draft/2020-12/schema",
  "title": "MystiMons Match Command",
  "type": "object",
  "required": [
    "type",
    "match_id",
    "player_id",
    "seq",
    "window",
    "payload"
  ],
  "properties": {
    "type": {
      "type": "string",
      "enum": [
        "DRAW_ACK",
        "PLAY_CARD",
        "DECLARE_ATTACK",
        "END_TURN",
        "ACTIVATE_EFFECT",
        "SUBMIT_CHOICE",
        "CONCEDE"
      ]
    },
    "match_id": {
      "type": "string"
    },
    "player_id": {
      "type": "string",
      "enum": [
        "P1",
        "P2"
      ]
    },
    "seq": {
      "type": "integer",
      "minimum": 0
    },
    "window": {
      "type": "string",
      "enum": [
        "SETUP.MULLIGAN",
        "SETUP.SELECT_ACTIVE",
        "TURN.START",
        "TURN.DRAW",
        "TURN.ENERGY",
        "TURN.MAIN",
        "TURN.COMBAT.DECLARE",
        "TURN.COMBAT.RESOLVE",
        "TURN.END"
      ]
    },
    "client_ts": {
      "type": "integer"
    },
    "payload": {
      "type": "object"
    }
  },
  "additionalProperties": false
}