{
  "$schema": "https://json-schema.org/draft/2020-12/schema",
  "title": "MystiMons Match Log",
  "type": "object",
  "required": [
    "match_id",
    "format",
    "commands",
    "events"
  ],
  "properties": {
    "match_id": {
      "type": "string"
    },
    "format": {
      "type": "string",
      "enum": [
        "EINFACH",
        "STANDARD",
        "TURNIER"
      ]
    },
    "commands": {
      "type": "array",
      "items": {
        "$ref": "match_command.schema.json"
      }
    },
    "events": {
      "type": "array",
      "items": {
        "$ref": "match_event.schema.json"
      }
    }
  },
  "additionalProperties": false
}