{
  "$schema": "https://json-schema.org/draft/2020-12/schema",
  "title": "MystiMons Match Event",
  "type": "object",
  "required": [
    "type",
    "match_id",
    "seq",
    "payload",
    "server_ts"
  ],
  "properties": {
    "type": {
      "type": "string",
      "enum": [
        "MATCH_STARTED",
        "TURN_STARTED",
        "CARD_DRAWN",
        "CARD_PLAYED",
        "ATTACK_DECLARED",
        "DAMAGE_APPLIED",
        "CHOICE_PROMPTED",
        "CHOICE_RESOLVED",
        "EFFECT_ACTIVATED",
        "EFFECT_RESOLVED",
        "EFFECT_FAILED",
        "TURN_ENDED",
        "MATCH_ENDED"
      ]
    },
    "match_id": {
      "type": "string"
    },
    "seq": {
      "type": "integer",
      "minimum": 0
    },
    "server_ts": {
      "type": "integer"
    },
    "audience": {
      "type": "string",
      "enum": [
        "ALL",
        "P1",
        "P2"
      ]
    },
    "payload": {
      "type": "object"
    },
    "redacted": {
      "type": "object"
    }
  },
  "additionalProperties": false
}