{
  "set_id": "SET-001",
  "cards": [
    {
      "id": "CARD-SET-001-001",
      "set_id": "SET-001",
      "name": "Embrix",
      "card_type": "MystiMon",
      "rarity": "Common",
      "tags": [
        "element:Feuer",
        "stage:1"
      ],
      "print": {
        "cost": 0,
        "stats": {
          "hp": 40,
          "atk": 4,
          "def": 2,
          "stage": 1
        },
        "text": "—"
      },
      "digital": {
        "patchable": true,
        "rng": {
          "allowed": false,
          "sources": []
        },
        "tracking": [],
        "notes": "SPD=3 | Kleiner Feuersalamander, flackert nervös"
      },
      "version": {
        "schema_version": "1.0",
        "card_revision": 0,
        "last_updated": "2026-01-02"
      }
    },
    {
      "id": "CARD-SET-001-002",
      "set_id": "SET-001",
      "name": "Aquor",
      "card_type": "MystiMon",
      "rarity": "Common",
      "tags": [
        "element:Wasser",
        "stage:1"
      ],
      "print": {
        "cost": 0,
        "stats": {
          "hp": 45,
          "atk": 3,
          "def": 3,
          "stage": 1
        },
        "text": "—"
      },
      "digital": {
        "patchable": true,
        "rng": {
          "allowed": false,
          "sources": []
        },
        "tracking": [],
        "notes": "SPD=4 | Leuchtender Otter mit Wasserschwanz"
      },
      "version": {
        "schema_version": "1.0",
        "card_revision": 0,
        "last_updated": "2026-01-02"
      }
    },
    {
      "id": "CARD-SET-001-003",
      "set_id": "SET-001",
      "name": "Sylphira",
      "card_type": "MystiMon",
      "rarity": "Common",
      "tags": [
        "element:Natur",
        "stage:1"
      ],
      "print": {
        "cost": 0,
        "stats": {
          "hp": 42,
          "atk": 3,
          "def": 3,
          "stage": 1
        },
        "text": "—"
      },
      "digital": {
        "patchable": true,
        "rng": {
          "allowed": false,
          "sources": []
        },
        "tracking": [],
        "notes": "SPD=4 | Kleiner Waldgeist, Moos und Blüten"
      },
      "version": {
        "schema_version": "1.0",
        "card_revision": 0,
        "last_updated": "2026-01-02"
      }
    },
    {
      "id": "CARD-SET-001-004",
      "set_id": "SET-001",
      "name": "Terragus",
      "card_type": "MystiMon",
      "rarity": "Common",
      "tags": [
        "element:Erde",
        "stage:1"
      ],
      "print": {
        "cost": 0,
        "stats": {
          "hp": 50,
          "atk": 4,
          "def": 4,
          "stage": 1
        },
        "text": "—"
      },
      "digital": {
        "patchable": true,
        "rng": {
          "allowed": false,
          "sources": []
        },
        "tracking": [],
        "notes": "SPD=2 | Steinwesen mit Moos-Haar"
      },
      "version": {
        "schema_version": "1.0",
        "card_revision": 0,
        "last_updated": "2026-01-02"
      }
    },
    {
      "id": "CARD-SET-001-005",
      "set_id": "SET-001",
      "name": "Aeris",
      "card_type": "MystiMon",
      "rarity": "Common",
      "tags": [
        "element:Wind",
        "stage:1"
      ],
      "print": {
        "cost": 0,
        "stats": {
          "hp": 38,
          "atk": 3,
          "def": 2,
          "stage": 1
        },
        "text": "—"
      },
      "digital": {
        "patchable": true,
        "rng": {
          "allowed": false,
          "sources": []
        },
        "tracking": [],
        "notes": "SPD=5 | Kleiner Wind-Vogel, Kolibri-Energie"
      },
      "version": {
        "schema_version": "1.0",
        "card_revision": 0,
        "last_updated": "2026-01-02"
      }
    },
    {
      "id": "CARD-SET-001-006",
      "set_id": "SET-001",
      "name": "Frostix",
      "card_type": "MystiMon",
      "rarity": "Common",
      "tags": [
        "element:Eis",
        "stage:1"
      ],
      "print": {
        "cost": 0,
        "stats": {
          "hp": 44,
          "atk": 3,
          "def": 3,
          "stage": 1
        },
        "text": "—"
      },
      "digital": {
        "patchable": true,
        "rng": {
          "allowed": false,
          "sources": []
        },
        "tracking": [],
        "notes": "SPD=4 | Kleines Eis-Wesen, kristallin"
      },
      "version": {
        "schema_version": "1.0",
        "card_revision": 0,
        "last_updated": "2026-01-02"
      }
    },
    {
      "id": "CARD-SET-001-007",
      "set_id": "SET-001",
      "name": "Voltis",
      "card_type": "MystiMon",
      "rarity": "Common",
      "tags": [
        "element:Blitz",
        "stage:1"
      ],
      "print": {
        "cost": 0,
        "stats": {
          "hp": 36,
          "atk": 4,
          "def": 2,
          "stage": 1
        },
        "text": "—"
      },
      "digital": {
        "patchable": true,
        "rng": {
          "allowed": false,
          "sources": []
        },
        "tracking": [],
        "notes": "SPD=5 | Kleines elektrisches Wesen"
      },
      "version": {
        "schema_version": "1.0",
        "card_revision": 0,
        "last_updated": "2026-01-02"
      }
    },
    {
      "id": "CARD-SET-001-008",
      "set_id": "SET-001",
      "name": "Shadowstrike",
      "card_type": "MystiMon",
      "rarity": "Common",
      "tags": [
        "element:Schatten",
        "stage:1"
      ],
      "print": {
        "cost": 0,
        "stats": {
          "hp": 40,
          "atk": 4,
          "def": 2,
          "stage": 1
        },
        "text": "—"
      },
      "digital": {
        "patchable": true,
        "rng": {
          "allowed": false,
          "sources": []
        },
        "tracking": [],
        "notes": "SPD=4 | Kleines Schatten-Wesen, formlos"
      },
      "version": {
        "schema_version": "1.0",
        "card_revision": 0,
        "last_updated": "2026-01-02"
      }
    },
    {
      "id": "CARD-SET-001-009",
      "set_id": "SET-001",
      "name": "Lumix",
      "card_type": "MystiMon",
      "rarity": "Common",
      "tags": [
        "element:Licht",
        "stage:1"
      ],
      "print": {
        "cost": 0,
        "stats": {
          "hp": 42,
          "atk": 3,
          "def": 3,
          "stage": 1
        },
        "text": "—"
      },
      "digital": {
        "patchable": true,
        "rng": {
          "allowed": false,
          "sources": []
        },
        "tracking": [],
        "notes": "SPD=4 | Kleines Licht-Wesen, Fee-artig"
      },
      "version": {
        "schema_version": "1.0",
        "card_revision": 0,
        "last_updated": "2026-01-02"
      }
    },
    {
      "id": "CARD-SET-001-010",
      "set_id": "SET-001",
      "name": "Ironix",
      "card_type": "MystiMon",
      "rarity": "Common",
      "tags": [
        "element:Metall",
        "stage:1"
      ],
      "print": {
        "cost": 0,
        "stats": {
          "hp": 48,
          "atk": 4,
          "def": 4,
          "stage": 1
        },
        "text": "—"
      },
      "digital": {
        "patchable": true,
        "rng": {
          "allowed": false,
          "sources": []
        },
        "tracking": [],
        "notes": "SPD=2 | Kleiner Metall-Golem"
      },
      "version": {
        "schema_version": "1.0",
        "card_revision": 0,
        "last_updated": "2026-01-02"
      }
    },
    {
      "id": "CARD-SET-001-011",
      "set_id": "SET-001",
      "name": "Drakyn",
      "card_type": "MystiMon",
      "rarity": "Common",
      "tags": [
        "element:Drache",
        "stage:1"
      ],
      "print": {
        "cost": 0,
        "stats": {
          "hp": 46,
          "atk": 4,
          "def": 3,
          "stage": 1
        },
        "text": "—"
      },
      "digital": {
        "patchable": true,
        "rng": {
          "allowed": false,
          "sources": []
        },
        "tracking": [],
        "notes": "SPD=4 | Baby-Drache, alle Elemente subtil"
      },
      "version": {
        "schema_version": "1.0",
        "card_revision": 0,
        "last_updated": "2026-01-02"
      }
    },
    {
      "id": "CARD-SET-001-012",
      "set_id": "SET-001",
      "name": "Mossling",
      "card_type": "MystiMon",
      "rarity": "Common",
      "tags": [
        "element:Natur",
        "stage:1",
        "role:draw-support"
      ],
      "print": {
        "cost": 0,
        "stats": {
          "hp": 10,
          "atk": 0,
          "def": 0,
          "stage": 1
        },
        "text": "—"
      },
      "digital": {
        "patchable": true,
        "rng": {
          "allowed": false,
          "sources": []
        },
        "tracking": [
          "mini_draw_used_this_turn"
        ],
        "app_effect_id": "EFF_MINI_DRAW_001",
        "notes": "Winziger Moosklumpen mit Augen; Neugierig, folgt Menschen | MVP-role: Draw-Support"
      },
      "version": {
        "schema_version": "1.0",
        "card_revision": 0,
        "last_updated": "2026-01-02"
      }
    },
    {
      "id": "CARD-SET-001-013",
      "set_id": "SET-001",
      "name": "Bublin",
      "card_type": "MystiMon",
      "rarity": "Common",
      "tags": [
        "element:Wasser",
        "stage:1",
        "role:heal-support"
      ],
      "print": {
        "cost": 0,
        "stats": {
          "hp": 10,
          "atk": 0,
          "def": 0,
          "stage": 1
        },
        "text": "—"
      },
      "digital": {
        "patchable": true,
        "rng": {
          "allowed": false,
          "sources": []
        },
        "tracking": [
          "mini_heal_used_this_turn"
        ],
        "app_effect_id": "EFF_MINI_HEAL_001",
        "notes": "Schwebende Wasserblase; Verspielt, platzt bei Gefahr | MVP-role: Heal-Support"
      },
      "version": {
        "schema_version": "1.0",
        "card_revision": 0,
        "last_updated": "2026-01-02"
      }
    },
    {
      "id": "CARD-SET-001-014",
      "set_id": "SET-001",
      "name": "Flickerling",
      "card_type": "MystiMon",
      "rarity": "Common",
      "tags": [
        "element:Feuer",
        "stage:1",
        "role:burn-enabler"
      ],
      "print": {
        "cost": 0,
        "stats": {
          "hp": 10,
          "atk": 0,
          "def": 0,
          "stage": 1
        },
        "text": "—"
      },
      "digital": {
        "patchable": true,
        "rng": {
          "allowed": false,
          "sources": []
        },
        "tracking": [
          "mini_burn_triggers_this_match"
        ],
        "app_effect_id": "EFF_MINI_BURN_001",
        "notes": "Tanzende kleine Flamme; Rastlos, flackert | MVP-role: Burn-Enabler"
      },
      "version": {
        "schema_version": "1.0",
        "card_revision": 0,
        "last_updated": "2026-01-02"
      }
    },
    {
      "id": "CARD-SET-001-015",
      "set_id": "SET-001",
      "name": "Peblit",
      "card_type": "MystiMon",
      "rarity": "Common",
      "tags": [
        "element:Erde",
        "stage:1",
        "role:def-buff"
      ],
      "print": {
        "cost": 0,
        "stats": {
          "hp": 10,
          "atk": 0,
          "def": 0,
          "stage": 1
        },
        "text": "—"
      },
      "digital": {
        "patchable": true,
        "rng": {
          "allowed": false,
          "sources": []
        },
        "tracking": [
          "mini_def_buffs_active"
        ],
        "app_effect_id": "EFF_MINI_DEF_001",
        "notes": "Rollender Kieselstein mit Gesicht; Stur, bleibt stehen | MVP-role: DEF-Buff"
      },
      "version": {
        "schema_version": "1.0",
        "card_revision": 0,
        "last_updated": "2026-01-02"
      }
    },
    {
      "id": "CARD-SET-001-016",
      "set_id": "SET-001",
      "name": "Breezel",
      "card_type": "MystiMon",
      "rarity": "Common",
      "tags": [
        "element:Wind",
        "stage:1",
        "role:spd-buff"
      ],
      "print": {
        "cost": 0,
        "stats": {
          "hp": 10,
          "atk": 0,
          "def": 0,
          "stage": 1
        },
        "text": "—"
      },
      "digital": {
        "patchable": true,
        "rng": {
          "allowed": false,
          "sources": []
        },
        "tracking": [
          "mini_spd_buffs_active"
        ],
        "app_effect_id": "EFF_MINI_SPD_001",
        "notes": "Unsichtbarer Windwirbel; Schnell, neckisch | MVP-role: SPD-Buff"
      },
      "version": {
        "schema_version": "1.0",
        "card_revision": 0,
        "last_updated": "2026-01-02"
      }
    },
    {
      "id": "CARD-SET-001-017",
      "set_id": "SET-001",
      "name": "Shardling",
      "card_type": "MystiMon",
      "rarity": "Common",
      "tags": [
        "element:Eis",
        "stage:1",
        "role:freeze-support"
      ],
      "print": {
        "cost": 0,
        "stats": {
          "hp": 10,
          "atk": 0,
          "def": 0,
          "stage": 1
        },
        "text": "—"
      },
      "digital": {
        "patchable": true,
        "rng": {
          "allowed": false,
          "sources": []
        },
        "tracking": [
          "mini_freeze_marks_active"
        ],
        "app_effect_id": "EFF_MINI_FREEZE_001",
        "notes": "Schwebender Eissplitter; Still, kalt | MVP-role: Freeze-Support"
      },
      "version": {
        "schema_version": "1.0",
        "card_revision": 0,
        "last_updated": "2026-01-02"
      }
    },
    {
      "id": "CARD-SET-001-018",
      "set_id": "SET-001",
      "name": "Sparklin",
      "card_type": "MystiMon",
      "rarity": "Common",
      "tags": [
        "element:Blitz",
        "stage:1",
        "role:paralyze-support"
      ],
      "print": {
        "cost": 0,
        "stats": {
          "hp": 10,
          "atk": 0,
          "def": 0,
          "stage": 1
        },
        "text": "—"
      },
      "digital": {
        "patchable": true,
        "rng": {
          "allowed": false,
          "sources": []
        },
        "tracking": [
          "mini_paralyze_marks_active"
        ],
        "app_effect_id": "EFF_MINI_PARALYZE_001",
        "notes": "Knisternder Funkenball; Hyperaktiv, zappelig | MVP-role: Paralyze-Support"
      },
      "version": {
        "schema_version": "1.0",
        "card_revision": 0,
        "last_updated": "2026-01-02"
      }
    },
    {
      "id": "CARD-SET-001-019",
      "set_id": "SET-001",
      "name": "Gloomlet",
      "card_type": "MystiMon",
      "rarity": "Common",
      "tags": [
        "element:Schatten",
        "stage:1",
        "role:stealth-enabler"
      ],
      "print": {
        "cost": 0,
        "stats": {
          "hp": 10,
          "atk": 0,
          "def": 0,
          "stage": 1
        },
        "text": "—"
      },
      "digital": {
        "patchable": true,
        "rng": {
          "allowed": false,
          "sources": []
        },
        "tracking": [
          "mini_stealth_marks_active"
        ],
        "app_effect_id": "EFF_MINI_STEALTH_001",
        "notes": "Schatten, der sich bewegt; Scheu, versteckt sich | MVP-role: Stealth-Enabler"
      },
      "version": {
        "schema_version": "1.0",
        "card_revision": 0,
        "last_updated": "2026-01-02"
      }
    },
    {
      "id": "CARD-SET-001-020",
      "set_id": "SET-001",
      "name": "Glimmer",
      "card_type": "MystiMon",
      "rarity": "Common",
      "tags": [
        "element:Licht",
        "stage:1",
        "role:search-support"
      ],
      "print": {
        "cost": 0,
        "stats": {
          "hp": 10,
          "atk": 0,
          "def": 0,
          "stage": 1
        },
        "text": "—"
      },
      "digital": {
        "patchable": true,
        "rng": {
          "allowed": false,
          "sources": []
        },
        "tracking": [
          "mini_search_used_this_turn"
        ],
        "app_effect_id": "EFF_MINI_SEARCH_001",
        "notes": "Leuchtender Lichtpunkt; Freundlich, führt | MVP-role: Search-Support"
      },
      "version": {
        "schema_version": "1.0",
        "card_revision": 0,
        "last_updated": "2026-01-02"
      }
    },
    {
      "id": "CARD-SET-001-021",
      "set_id": "SET-001",
      "name": "Coglet",
      "card_type": "MystiMon",
      "rarity": "Common",
      "tags": [
        "element:Metall",
        "stage:1",
        "role:relic-support"
      ],
      "print": {
        "cost": 0,
        "stats": {
          "hp": 10,
          "atk": 0,
          "def": 0,
          "stage": 1
        },
        "text": "—"
      },
      "digital": {
        "patchable": true,
        "rng": {
          "allowed": false,
          "sources": []
        },
        "tracking": [
          "mini_relic_discount_used_this_turn"
        ],
        "app_effect_id": "EFF_MINI_RELIC_001",
        "notes": "Winziges Zahnrad-Wesen; Mechanisch, tickt | MVP-role: Relic-Support"
      },
      "version": {
        "schema_version": "1.0",
        "card_revision": 0,
        "last_updated": "2026-01-02"
      }
    },
    {
      "id": "CARD-SET-001-022",
      "set_id": "SET-001",
      "name": "Moosveil",
      "card_type": "MystiMon",
      "rarity": "Rare",
      "tags": [
        "element:Natur",
        "stage:3"
      ],
      "print": {
        "cost": 0,
        "stats": {
          "hp": 78,
          "atk": 6,
          "def": 6,
          "stage": 3
        },
        "text": "—"
      },
      "digital": {
        "patchable": true,
        "rng": {
          "allowed": false,
          "sources": []
        },
        "tracking": [],
        "notes": "SPD=4 | Theos Partner; seltener Waldwächter. (Stats/Effect: Placeholder für v0.3)"
      },
      "version": {
        "schema_version": "1.0",
        "card_revision": 0,
        "last_updated": "2026-01-02"
      }
    }
  ]
}