{
  "set_id": "SET-001",
  "cards": [
    {
      "id": "CARD-SET-001-001",
      "set_id": "SET-001",
      "name": "Embrix",
      "card_type": "MystiMon",
      "rarity": "Common",
      "tags": [
        "element:Fire",
        "group:mainline",
        "stage:1"
      ],
      "print": {
        "cost": 1,
        "stats": {
          "hp": 40,
          "atk": 4,
          "def": 2,
          "stage": 1
        },
        "text": "—"
      },
      "digital": {
        "patchable": true,
        "rng": {
          "allowed": false
        },
        "tracking": [
          "spd"
        ],
        "notes": "Base SPD: 3. Kleiner Feuersalamander, flackert nervös"
      }
    },
    {
      "id": "CARD-SET-001-002",
      "set_id": "SET-001",
      "name": "Aquor",
      "card_type": "MystiMon",
      "rarity": "Common",
      "tags": [
        "element:Water",
        "group:mainline",
        "stage:1"
      ],
      "print": {
        "cost": 1,
        "stats": {
          "hp": 45,
          "atk": 3,
          "def": 3,
          "stage": 1
        },
        "text": "—"
      },
      "digital": {
        "patchable": true,
        "rng": {
          "allowed": false
        },
        "tracking": [
          "spd"
        ],
        "notes": "Base SPD: 4. Leuchtender Otter mit Wasserschwanz"
      }
    },
    {
      "id": "CARD-SET-001-003",
      "set_id": "SET-001",
      "name": "Sylphira",
      "card_type": "MystiMon",
      "rarity": "Common",
      "tags": [
        "element:Nature",
        "group:mainline",
        "stage:1"
      ],
      "print": {
        "cost": 1,
        "stats": {
          "hp": 42,
          "atk": 3,
          "def": 3,
          "stage": 1
        },
        "text": "—"
      },
      "digital": {
        "patchable": true,
        "rng": {
          "allowed": false
        },
        "tracking": [
          "spd"
        ],
        "notes": "Base SPD: 4. Kleiner Waldgeist, Moos und Blüten"
      }
    },
    {
      "id": "CARD-SET-001-004",
      "set_id": "SET-001",
      "name": "Terragus",
      "card_type": "MystiMon",
      "rarity": "Common",
      "tags": [
        "element:Earth",
        "group:mainline",
        "stage:1"
      ],
      "print": {
        "cost": 1,
        "stats": {
          "hp": 50,
          "atk": 4,
          "def": 4,
          "stage": 1
        },
        "text": "—"
      },
      "digital": {
        "patchable": true,
        "rng": {
          "allowed": false
        },
        "tracking": [
          "spd"
        ],
        "notes": "Base SPD: 2. Steinwesen mit Moos-Haar"
      }
    },
    {
      "id": "CARD-SET-001-005",
      "set_id": "SET-001",
      "name": "Aeris",
      "card_type": "MystiMon",
      "rarity": "Common",
      "tags": [
        "element:Wind",
        "group:mainline",
        "stage:1"
      ],
      "print": {
        "cost": 1,
        "stats": {
          "hp": 38,
          "atk": 3,
          "def": 2,
          "stage": 1
        },
        "text": "—"
      },
      "digital": {
        "patchable": true,
        "rng": {
          "allowed": false
        },
        "tracking": [
          "spd"
        ],
        "notes": "Base SPD: 5. Kleiner Wind-Vogel, Kolibri-Energie"
      }
    },
    {
      "id": "CARD-SET-001-006",
      "set_id": "SET-001",
      "name": "Frostix",
      "card_type": "MystiMon",
      "rarity": "Common",
      "tags": [
        "element:Ice",
        "group:mainline",
        "stage:1"
      ],
      "print": {
        "cost": 1,
        "stats": {
          "hp": 44,
          "atk": 3,
          "def": 3,
          "stage": 1
        },
        "text": "—"
      },
      "digital": {
        "patchable": true,
        "rng": {
          "allowed": false
        },
        "tracking": [
          "spd"
        ],
        "notes": "Base SPD: 4. Kleines Eis-Wesen, kristallin"
      }
    },
    {
      "id": "CARD-SET-001-007",
      "set_id": "SET-001",
      "name": "Voltis",
      "card_type": "MystiMon",
      "rarity": "Common",
      "tags": [
        "element:Lightning",
        "group:mainline",
        "stage:1"
      ],
      "print": {
        "cost": 1,
        "stats": {
          "hp": 36,
          "atk": 4,
          "def": 2,
          "stage": 1
        },
        "text": "—"
      },
      "digital": {
        "patchable": true,
        "rng": {
          "allowed": false
        },
        "tracking": [
          "spd"
        ],
        "notes": "Base SPD: 5. Kleines elektrisches Wesen"
      }
    },
    {
      "id": "CARD-SET-001-008",
      "set_id": "SET-001",
      "name": "Shadowstrike",
      "card_type": "MystiMon",
      "rarity": "Common",
      "tags": [
        "element:Shadow",
        "group:mainline",
        "stage:1"
      ],
      "print": {
        "cost": 1,
        "stats": {
          "hp": 40,
          "atk": 4,
          "def": 2,
          "stage": 1
        },
        "text": "—"
      },
      "digital": {
        "patchable": true,
        "rng": {
          "allowed": false
        },
        "tracking": [
          "spd"
        ],
        "notes": "Base SPD: 4. Kleines Schatten-Wesen, formlos"
      }
    },
    {
      "id": "CARD-SET-001-009",
      "set_id": "SET-001",
      "name": "Lumix",
      "card_type": "MystiMon",
      "rarity": "Common",
      "tags": [
        "element:Light",
        "group:mainline",
        "stage:1"
      ],
      "print": {
        "cost": 1,
        "stats": {
          "hp": 42,
          "atk": 3,
          "def": 3,
          "stage": 1
        },
        "text": "—"
      },
      "digital": {
        "patchable": true,
        "rng": {
          "allowed": false
        },
        "tracking": [
          "spd"
        ],
        "notes": "Base SPD: 4. Kleines Licht-Wesen, Fee-artig"
      }
    },
    {
      "id": "CARD-SET-001-010",
      "set_id": "SET-001",
      "name": "Ironix",
      "card_type": "MystiMon",
      "rarity": "Common",
      "tags": [
        "element:Metal",
        "group:mainline",
        "stage:1"
      ],
      "print": {
        "cost": 1,
        "stats": {
          "hp": 48,
          "atk": 4,
          "def": 4,
          "stage": 1
        },
        "text": "—"
      },
      "digital": {
        "patchable": true,
        "rng": {
          "allowed": false
        },
        "tracking": [
          "spd"
        ],
        "notes": "Base SPD: 2. Kleiner Metall-Golem"
      }
    },
    {
      "id": "CARD-SET-001-011",
      "set_id": "SET-001",
      "name": "Drakyn",
      "card_type": "MystiMon",
      "rarity": "Uncommon",
      "tags": [
        "element:Dragon",
        "group:mainline",
        "stage:1"
      ],
      "print": {
        "cost": 1,
        "stats": {
          "hp": 46,
          "atk": 4,
          "def": 3,
          "stage": 1
        },
        "text": "—"
      },
      "digital": {
        "patchable": true,
        "rng": {
          "allowed": false
        },
        "tracking": [
          "spd"
        ],
        "notes": "Base SPD: 4. Baby-Drache, alle Elemente subtil"
      }
    },
    {
      "id": "CARD-SET-001-012",
      "set_id": "SET-001",
      "name": "Mossling",
      "card_type": "MystiMon",
      "rarity": "Common",
      "tags": [
        "element:Nature",
        "group:mini",
        "stage:1",
        "role:Draw-Support"
      ],
      "print": {
        "cost": 0,
        "stats": {
          "hp": 10,
          "atk": 0,
          "def": 0,
          "stage": 1
        },
        "text": "—"
      },
      "digital": {
        "patchable": true,
        "rng": {
          "allowed": false
        },
        "tracking": [
          "cap_draw_used_this_turn"
        ],
        "app_effect_id": "EFF_MINI_DRAW_001",
        "notes": "Draw-Support. Look: Winziger Moosklumpen mit Augen Behavior: Neugierig, folgt Menschen"
      }
    },
    {
      "id": "CARD-SET-001-013",
      "set_id": "SET-001",
      "name": "Bublin",
      "card_type": "MystiMon",
      "rarity": "Common",
      "tags": [
        "element:Water",
        "group:mini",
        "stage:1",
        "role:Heal-Support"
      ],
      "print": {
        "cost": 0,
        "stats": {
          "hp": 10,
          "atk": 0,
          "def": 0,
          "stage": 1
        },
        "text": "—"
      },
      "digital": {
        "patchable": true,
        "rng": {
          "allowed": false
        },
        "tracking": [
          "cap_heal_used_this_turn"
        ],
        "app_effect_id": "EFF_MINI_HEAL_001",
        "notes": "Heal-Support. Look: Schwebende Wasserblase Behavior: Verspielt, platzt bei Gefahr"
      }
    },
    {
      "id": "CARD-SET-001-014",
      "set_id": "SET-001",
      "name": "Flickerling",
      "card_type": "MystiMon",
      "rarity": "Common",
      "tags": [
        "element:Fire",
        "group:mini",
        "stage:1",
        "role:Burn-Enabler"
      ],
      "print": {
        "cost": 0,
        "stats": {
          "hp": 10,
          "atk": 0,
          "def": 0,
          "stage": 1
        },
        "text": "—"
      },
      "digital": {
        "patchable": true,
        "rng": {
          "allowed": false
        },
        "tracking": [
          "status_burn"
        ],
        "app_effect_id": "EFF_MINI_BURN_001",
        "notes": "Burn-Enabler. Look: Tanzende kleine Flamme Behavior: Rastlos, flackert"
      }
    },
    {
      "id": "CARD-SET-001-015",
      "set_id": "SET-001",
      "name": "Peblit",
      "card_type": "MystiMon",
      "rarity": "Common",
      "tags": [
        "element:Earth",
        "group:mini",
        "stage:1",
        "role:DEF-Buff"
      ],
      "print": {
        "cost": 0,
        "stats": {
          "hp": 10,
          "atk": 0,
          "def": 0,
          "stage": 1
        },
        "text": "—"
      },
      "digital": {
        "patchable": true,
        "rng": {
          "allowed": false
        },
        "tracking": [],
        "app_effect_id": "EFF_MINI_DEF_001",
        "notes": "DEF-Buff. Look: Rollender Kieselstein mit Gesicht Behavior: Stur, bleibt stehen"
      }
    },
    {
      "id": "CARD-SET-001-016",
      "set_id": "SET-001",
      "name": "Breezel",
      "card_type": "MystiMon",
      "rarity": "Common",
      "tags": [
        "element:Wind",
        "group:mini",
        "stage:1",
        "role:SPD-Buff"
      ],
      "print": {
        "cost": 0,
        "stats": {
          "hp": 10,
          "atk": 0,
          "def": 0,
          "stage": 1
        },
        "text": "—"
      },
      "digital": {
        "patchable": true,
        "rng": {
          "allowed": false
        },
        "tracking": [
          "spd"
        ],
        "app_effect_id": "EFF_MINI_SPD_001",
        "notes": "SPD-Buff. Look: Unsichtbarer Windwirbel Behavior: Schnell, neckisch"
      }
    },
    {
      "id": "CARD-SET-001-017",
      "set_id": "SET-001",
      "name": "Shardling",
      "card_type": "MystiMon",
      "rarity": "Common",
      "tags": [
        "element:Ice",
        "group:mini",
        "stage:1",
        "role:Freeze-Support"
      ],
      "print": {
        "cost": 0,
        "stats": {
          "hp": 10,
          "atk": 0,
          "def": 0,
          "stage": 1
        },
        "text": "—"
      },
      "digital": {
        "patchable": true,
        "rng": {
          "allowed": false
        },
        "tracking": [
          "status_freeze"
        ],
        "app_effect_id": "EFF_MINI_FREEZE_001",
        "notes": "Freeze-Support. Look: Schwebender Eissplitter Behavior: Still, kalt"
      }
    },
    {
      "id": "CARD-SET-001-018",
      "set_id": "SET-001",
      "name": "Sparklin",
      "card_type": "MystiMon",
      "rarity": "Common",
      "tags": [
        "element:Lightning",
        "group:mini",
        "stage:1",
        "role:Paralyze-Support"
      ],
      "print": {
        "cost": 0,
        "stats": {
          "hp": 10,
          "atk": 0,
          "def": 0,
          "stage": 1
        },
        "text": "—"
      },
      "digital": {
        "patchable": true,
        "rng": {
          "allowed": false
        },
        "tracking": [
          "status_paralyze"
        ],
        "app_effect_id": "EFF_MINI_PARALYZE_001",
        "notes": "Paralyze-Support. Look: Knisternder Funkenball Behavior: Hyperaktiv, zappelig"
      }
    },
    {
      "id": "CARD-SET-001-019",
      "set_id": "SET-001",
      "name": "Gloomlet",
      "card_type": "MystiMon",
      "rarity": "Common",
      "tags": [
        "element:Shadow",
        "group:mini",
        "stage:1",
        "role:Stealth-Enabler"
      ],
      "print": {
        "cost": 0,
        "stats": {
          "hp": 10,
          "atk": 0,
          "def": 0,
          "stage": 1
        },
        "text": "—"
      },
      "digital": {
        "patchable": true,
        "rng": {
          "allowed": false
        },
        "tracking": [
          "status_stealth"
        ],
        "app_effect_id": "EFF_MINI_STEALTH_001",
        "notes": "Stealth-Enabler. Look: Schatten, der sich bewegt Behavior: Scheu, versteckt sich"
      }
    },
    {
      "id": "CARD-SET-001-020",
      "set_id": "SET-001",
      "name": "Glimmer",
      "card_type": "MystiMon",
      "rarity": "Common",
      "tags": [
        "element:Light",
        "group:mini",
        "stage:1",
        "role:Search-Support"
      ],
      "print": {
        "cost": 0,
        "stats": {
          "hp": 10,
          "atk": 0,
          "def": 0,
          "stage": 1
        },
        "text": "—"
      },
      "digital": {
        "patchable": true,
        "rng": {
          "allowed": false
        },
        "tracking": [
          "cap_search_used_this_turn"
        ],
        "app_effect_id": "EFF_MINI_SEARCH_001",
        "notes": "Search-Support. Look: Leuchtender Lichtpunkt Behavior: Freundlich, führt"
      }
    },
    {
      "id": "CARD-SET-001-021",
      "set_id": "SET-001",
      "name": "Coglet",
      "card_type": "MystiMon",
      "rarity": "Common",
      "tags": [
        "element:Metal",
        "group:mini",
        "stage:1",
        "role:Relic-Support"
      ],
      "print": {
        "cost": 0,
        "stats": {
          "hp": 10,
          "atk": 0,
          "def": 0,
          "stage": 1
        },
        "text": "—"
      },
      "digital": {
        "patchable": true,
        "rng": {
          "allowed": false
        },
        "tracking": [
          "cap_relic_discount_used_this_turn"
        ],
        "app_effect_id": "EFF_MINI_RELIC_001",
        "notes": "Relic-Support. Look: Winziges Zahnrad-Wesen Behavior: Mechanisch, tickt"
      }
    },
    {
      "id": "CARD-SET-001-022",
      "set_id": "SET-001",
      "name": "Moosveil",
      "card_type": "MystiMon",
      "rarity": "Rare",
      "tags": [
        "element:Nature",
        "group:special",
        "stage:3",
        "lore:TheoPartner"
      ],
      "print": {
        "cost": 3,
        "stats": {
          "hp": 75,
          "atk": 6,
          "def": 6,
          "stage": 3
        },
        "text": "—"
      },
      "digital": {
        "patchable": true,
        "rng": {
          "allowed": false
        },
        "tracking": [
          "spd"
        ],
        "notes": "Stage 3 Nature. Theo's partner. Placeholder stats; needs final tuning. Base SPD: 4 (placeholder)."
      }
    }
  ]
}