{
  "$schema": "https://json-schema.org/draft/2020-12/schema",
  "title": "Content Manifest",
  "type": "object",
  "required": [
    "manifest_version",
    "generated_at",
    "sets"
  ],
  "properties": {
    "manifest_version": {
      "type": "string",
      "minLength": 1
    },
    "generated_at": {
      "type": "string",
      "format": "date-time"
    },
    "sets": {
      "type": "array",
      "minItems": 1,
      "items": {
        "type": "object",
        "required": [
          "set_id",
          "content_version",
          "cards_sha256",
          "cards_count",
          "reveal_level"
        ],
        "properties": {
          "set_id": {
            "type": "string",
            "pattern": "^SET-\\d{3}$"
          },
          "content_version": {
            "type": "string",
            "minLength": 1
          },
          "cards_sha256": {
            "type": "string",
            "pattern": "^[a-f0-9]{64}$"
          },
          "cards_count": {
            "type": "integer",
            "minimum": 0
          },
          "reveal_level": {
            "type": "string",
            "enum": [
              "S0",
              "S1",
              "S2",
              "S3"
            ]
          },
          "url": {
            "type": "string"
          },
          "signature": {
            "type": "string"
          }
        },
        "additionalProperties": false
      }
    }
  },
  "additionalProperties": false
}