{
  "$schema": "https://json-schema.org/draft/2020-12/schema",
  "title": "Match Command",
  "type": "object",
  "required": [
    "cmd_id",
    "match_id",
    "player_id",
    "seq",
    "window",
    "type",
    "payload",
    "client_ts"
  ],
  "properties": {
    "cmd_id": {
      "type": "string",
      "minLength": 1
    },
    "match_id": {
      "type": "string",
      "minLength": 1
    },
    "player_id": {
      "type": "string",
      "minLength": 1
    },
    "seq": {
      "type": "integer",
      "minimum": 0
    },
    "window": {
      "type": "string",
      "minLength": 1,
      "description": "Authoritative timing window identifier (e.g., TURN.P1.MAIN.1)."
    },
    "type": {
      "type": "string",
      "minLength": 1,
      "description": "Command type (e.g., PLAY_CARD, ATTACH_ENERGY, ATTACK, END_TURN)."
    },
    "payload": {
      "type": "object"
    },
    "client_ts": {
      "type": "string",
      "format": "date-time"
    },
    "client_build": {
      "type": "string"
    },
    "content_manifest_hash": {
      "type": "string",
      "pattern": "^[a-f0-9]{64}$"
    },
    "signature": {
      "type": "string",
      "description": "Optional request signature or token for anti-tamper."
    }
  },
  "additionalProperties": false
}