{
  "$schema": "https://json-schema.org/draft/2020-12/schema",
  "title": "Match Event",
  "type": "object",
  "required": [
    "evt_id",
    "match_id",
    "seq",
    "type",
    "payload",
    "server_ts"
  ],
  "properties": {
    "evt_id": {
      "type": "string",
      "minLength": 1
    },
    "match_id": {
      "type": "string",
      "minLength": 1
    },
    "seq": {
      "type": "integer",
      "minimum": 0
    },
    "type": {
      "type": "string",
      "minLength": 1,
      "description": "Event type (e.g., CARD_PLAYED, DAMAGE_APPLIED, STATUS_ADDED, TURN_ENDED)."
    },
    "payload": {
      "type": "object"
    },
    "server_ts": {
      "type": "string",
      "format": "date-time"
    },
    "state_hash": {
      "type": "string",
      "pattern": "^[a-f0-9]{64}$",
      "description": "Hash of canonical state after applying this event."
    },
    "rng": {
      "type": "object",
      "properties": {
        "used": {
          "type": "boolean"
        },
        "commit": {
          "type": "string"
        },
        "reveal": {
          "type": "string"
        },
        "trace": {
          "type": "array",
          "items": {
            "type": "string"
          }
        }
      },
      "additionalProperties": false
    }
  },
  "additionalProperties": false
}