{
  "$schema": "https://json-schema.org/draft/2020-12/schema",
  "title": "Deck Definition",
  "type": "object",
  "required": [
    "deck_id",
    "owner_id",
    "format",
    "cards"
  ],
  "properties": {
    "deck_id": {
      "type": "string",
      "minLength": 1
    },
    "owner_id": {
      "type": "string",
      "minLength": 1
    },
    "format": {
      "type": "string",
      "enum": [
        "Simple",
        "Standard",
        "TournamentPro"
      ]
    },
    "name": {
      "type": "string"
    },
    "cards": {
      "type": "array",
      "minItems": 1,
      "items": {
        "type": "object",
        "required": [
          "card_id",
          "count"
        ],
        "properties": {
          "card_id": {
            "type": "string",
            "pattern": "^CARD-SET-\\d{3}-\\d{3}$"
          },
          "count": {
            "type": "integer",
            "minimum": 1,
            "maximum": 4
          }
        },
        "additionalProperties": false
      }
    },
    "sideboard": {
      "type": "array",
      "items": {
        "type": "object",
        "required": [
          "card_id",
          "count"
        ],
        "properties": {
          "card_id": {
            "type": "string",
            "pattern": "^CARD-SET-\\d{3}-\\d{3}$"
          },
          "count": {
            "type": "integer",
            "minimum": 1,
            "maximum": 4
          }
        },
        "additionalProperties": false
      }
    },
    "version": {
      "type": "object",
      "properties": {
        "schema_version": {
          "type": "string"
        },
        "deck_revision": {
          "type": "integer",
          "minimum": 0
        },
        "last_updated": {
          "type": "string",
          "format": "date"
        }
      },
      "additionalProperties": false
    }
  },
  "additionalProperties": false
}