{
  "EFF_MINI_DRAW_001": {
    "allowed_windows": [
      "TURN.MAIN"
    ],
    "requires_prompt": true,
    "prompt_type": "YES_NO",
    "cap": {
      "tracker": "cap_draw_used_this_turn",
      "max": 1,
      "scope": "PLAYER_TURN",
      "reset": "TURN_START"
    },
    "status": null,
    "emits_events": [
      "EFFECT_ACTIVATED",
      "EFFECT_RESOLVED"
    ]
  },
  "EFF_MINI_HEAL_001": {
    "allowed_windows": [
      "TURN.MAIN"
    ],
    "requires_prompt": true,
    "prompt_type": "YES_NO",
    "cap": {
      "tracker": "cap_heal_used_this_turn",
      "max": 1,
      "scope": "PLAYER_TURN",
      "reset": "TURN_START"
    },
    "status": null,
    "emits_events": []
  },
  "EFF_MINI_BURN_001": {
    "allowed_windows": [
      "TURN.COMBAT.RESOLVE",
      "TURN.COMBAT.DECLARE",
      "TURN.MAIN"
    ],
    "requires_prompt": false,
    "prompt_type": null,
    "cap": null,
    "status": {
      "tracker": "status_burn",
      "duration": "UNTIL_TURN_END_NEXT"
    },
    "emits_events": [
      "EFFECT_RESOLVED"
    ]
  },
  "EFF_MINI_DEF_001": {
    "allowed_windows": [
      "TURN.COMBAT.RESOLVE",
      "TURN.COMBAT.DECLARE",
      "TURN.MAIN"
    ],
    "requires_prompt": false,
    "prompt_type": null,
    "cap": null,
    "status": null,
    "emits_events": []
  },
  "EFF_MINI_SPD_001": {
    "allowed_windows": [
      "TURN.COMBAT.RESOLVE",
      "TURN.COMBAT.DECLARE",
      "TURN.MAIN"
    ],
    "requires_prompt": false,
    "prompt_type": null,
    "cap": null,
    "status": null,
    "emits_events": []
  },
  "EFF_MINI_FREEZE_001": {
    "allowed_windows": [
      "TURN.COMBAT.RESOLVE",
      "TURN.COMBAT.DECLARE",
      "TURN.MAIN"
    ],
    "requires_prompt": false,
    "prompt_type": null,
    "cap": null,
    "status": {
      "tracker": "status_freeze",
      "duration": "NEXT_TURN_ONLY"
    },
    "emits_events": [
      "EFFECT_RESOLVED"
    ]
  },
  "EFF_MINI_PARALYZE_001": {
    "allowed_windows": [
      "TURN.COMBAT.RESOLVE",
      "TURN.COMBAT.DECLARE",
      "TURN.MAIN"
    ],
    "requires_prompt": false,
    "prompt_type": null,
    "cap": null,
    "status": {
      "tracker": "status_paralyze",
      "duration": "NEXT_TURN_ONLY"
    },
    "emits_events": [
      "EFFECT_RESOLVED"
    ]
  },
  "EFF_MINI_STEALTH_001": {
    "allowed_windows": [
      "TURN.MAIN"
    ],
    "requires_prompt": true,
    "prompt_type": "YES_NO",
    "cap": null,
    "status": {
      "tracker": "status_stealth",
      "duration": "UNTIL_BREAK"
    },
    "emits_events": [
      "EFFECT_ACTIVATED",
      "EFFECT_RESOLVED"
    ]
  },
  "EFF_MINI_SEARCH_001": {
    "allowed_windows": [
      "TURN.MAIN"
    ],
    "requires_prompt": true,
    "prompt_type": "SELECT_CARD_FROM_REVEAL",
    "cap": {
      "tracker": "cap_search_used_this_turn",
      "max": 1,
      "scope": "PLAYER_TURN",
      "reset": "TURN_START"
    },
    "status": null,
    "emits_events": [
      "CHOICE_PROMPTED",
      "CHOICE_RESOLVED",
      "EFFECT_ACTIVATED",
      "EFFECT_RESOLVED"
    ]
  },
  "EFF_MINI_RELIC_001": {
    "allowed_windows": [
      "TURN.MAIN"
    ],
    "requires_prompt": false,
    "prompt_type": "AUTO",
    "cap": {
      "tracker": "cap_relic_discount_used_this_turn",
      "max": 1,
      "scope": "PLAYER_TURN",
      "reset": "TURN_START"
    },
    "status": null,
    "emits_events": [
      "EFFECT_ACTIVATED",
      "EFFECT_RESOLVED"
    ]
  }
}